<?xml version="1.0" encoding="UTF-8"?>
<project-private xmlns="http://www.netbeans.org/ns/project-private/1">
    <editor-bookmarks xmlns="http://www.netbeans.org/ns/editor-bookmarks/2" lastBookmarkId="0"/>
    <open-files xmlns="http://www.netbeans.org/ns/projectui-open-files/2">
        <group>
            <file>file:/C:/Users/ASUS-GK/Documents/NetBeansProjects/PA_PBO%20(2)/PA_PBO/Peminjaman/src/GUI/daftaranggotaAdmin.java</file>
            <file>file:/C:/Users/ASUS-GK/Documents/NetBeansProjects/PA_PBO%20(2)/PA_PBO/Peminjaman/src/GUI/PinjamBarangAnggota.java</file>
            <file>file:/C:/Users/ASUS-GK/Documents/NetBeansProjects/PA_PBO%20(2)/PA_PBO/Peminjaman/src/GUI/Menuadmin.java</file>
            <file>file:/C:/Users/ASUS-GK/Documents/NetBeansProjects/PA_PBO%20(2)/PA_PBO/Peminjaman/src/GUI/BarangAdmin.java</file>
            <file>file:/C:/Users/ASUS-GK/Documents/NetBeansProjects/PA_PBO%20(2)/PA_PBO/Peminjaman/src/GUI/profileadmin.java</file>
            <file>file:/C:/Users/ASUS-GK/Documents/NetBeansProjects/PA_PBO%20(2)/PA_PBO/Peminjaman/src/GUI/HalamanUtama.java</file>
            <file>file:/C:/Users/ASUS-GK/Documents/NetBeansProjects/PA_PBO%20(2)/PA_PBO/Peminjaman/src/GUI/MenuAnggota.java</file>
            <file>file:/C:/Users/ASUS-GK/Documents/NetBeansProjects/PA_PBO%20(2)/PA_PBO/Peminjaman/src/GUI/Regis.java</file>
            <file>file:/C:/Users/ASUS-GK/Documents/NetBeansProjects/PA_PBO%20(2)/PA_PBO/Peminjaman/src/GUI/HistoryAnggota.java</file>
            <file>file:/C:/Users/ASUS-GK/Documents/NetBeansProjects/PA_PBO%20(2)/PA_PBO/Peminjaman/src/GUI/PeminjamanAdmin.java</file>
            <file>file:/C:/Users/ASUS-GK/Documents/NetBeansProjects/PA_PBO%20(2)/PA_PBO/Peminjaman/src/Database/Database.java</file>
        </group>
    </open-files>
</project-private>
